name,market_value_eur
Daniele Padelli,100000
Jonny Hayes,50000
Ricardo Batista,400000
Dani Parejo,500000
Tomas Pekhart,500000
Zoran Tosic,4500000
Daniel Alfei,50000
Bruno Andrade,50000
Tom Parkes,50000
Bebé,1500000
Jérôme Boateng,15000000
Dani Pacheco,100000
Luka Modrić,39000000
Dylan Tombides,250000
Frédéric Veseli,100000
Cameron Howieson,50000
Trevor Carson,250000
Danny Wilson,1500000
Stefan Savic,8000000
Carlo Cudicini,500000
Ryan Nelsen,750000
Craig Gordon,3000000
Thomas Hitzlsperger,1000000
Michael Owen,1000000
Titus Bramble,2000000
Jamie Carragher,1000000
Paul Scholes,1000000
Phil Neville,1000000
Brynjar Gunnarsson,250000
Paulo Ferreira,750000
Matt Parsons,250000
Kieron Dyer,500000
Péter Gulácsi,300000
Jeffrey Bruma,2250000
Tommy Forecast,50000
Ángelo Henríquez,3000000
Rory Delap,250000
Lee Barnard,250000
Simon Davies,500000
Rob Hulse,250000
Andy Marshall,250000
Shaun Derry,500000
Kevin Phillips,250000
William Gallas,500000
Leo Chambers,250000
James Hurst,75000
Mahamadou Diarra,750000
Albert Crusat,750000
Mamady Sidibé,700000
Davide Faraoni,2500000
Curtis Main,300000
Andy Halliday,350000
Andy Johnson,1000000
Mikele Leigertwood,600000
Luke Young,500000
Jason Roberts,250000
Wayne Bridge,500000
Mark Gower,250000
Mike Pollitt,250000
Kévin Théophile-Catherine,3500000
Iago Aspas,7000000
Magnus Wolff Eikrem,2500000
Luis Suárez,52000000
Andreas Cornelius,6000000
Mats Møller Dæhli,1500000
Dong-won Ji,2000000
José Campaña,2000000
Nicklas Helenius,1500000
Abdoulaye Faye,250000
Georgios Karagounis,1000000
Garry Monk,500000
Hilário,250000
Craig Bellamy,1000000
Nicolas Anelka,1000000
Ryan Giggs,1000000
Carlo Nash,250000
Matthew Etherington,1500000
George McCartney,1000000
Ricky van Wolfswinkel,7500000
Jonathan de Guzmán,9000000
Courtney Meppen-Walter,50000
Jo Inge Berget,2000000
Radek Cerny,250000
Gaël Kakuta,2500000
Shinji Kagawa,15000000
David Moberg Karlsson,1000000
Lewis Holtby,7500000
Matija Nastasić,21000000
Ryo Miyaichi,2000000
Liam Marrs,250000
Suso,6000000
Jermaine Jenas,1500000
Jimmy Kébé,500000
James Tavernier,350000
DJ Campbell,250000
Jake Sinclair,50000
Charles Banya,50000
José Pozo,500000
Joe Dudgeon,500000
Eduardo Vargas,6000000
Dedryck Boyata,1000000
Steven Reid,500000
Andy Wilkinson,1000000
Anthony Réveillère,500000
Rio Ferdinand,1000000
Brad Friedel,750000
Richard Dunne,500000
Bo-kyung Kim,2000000
Adam Taggart,500000
Seko Fofana,500000
Ian Harte,150000
Gary Caldwell,500000
Tommy Smith,250000
Danny Gabbidon,250000
Hugo Rodallega,2000000
Marc Tierney,400000
Jelle Vossen,5000000
Josh Pritchard,200000
Alex Smith,50000
Aaron McLean,400000
Damien Duff,600000
John Arne Riise,700000
Lukas Podolski,7500000
Bruno Zuculini,1500000
Rémy Cabella,9000000
Mehdi Abeid,2000000
Sebastián Coates,2500000
Ignasi Miquel,1000000
Steven Nzonzi,7500000
Josh Wakefield,100000
Jamar Loza,250000
Benjamin Stambouli,5000000
Antonio Luna,750000
Vlad Chiricheș,6000000
Edin Dzeko,20000000
Nani,15000000
Kevin Nolan,2000000
Alan Tate,500000
Andrej Kramaric,8000000
Ángel Di María,50000000
Wojciech Szczesny,10000000
Gary Taylor-Fletcher,500000
Robert Koren,500000
Frankie Sutherland,50000
Zak Ansah,50000
Kike García,3000000
Joseph Yobo,750000
Jack Collison,500000
Andrea Dossena,250000
Darnel Situ,50000
Juanmi,7000000
Luke Brattan,500000
Carles Gil,4000000
Marius Adamonis,50000
Steven Berghuis,4000000
Jordan Veretout,8000000
Brede Hangeland,1000000
Charles N'Zogbia,1000000
Marouane Chamakh,2000000
Adam Johnson,7500000
Patrick McCarthy,500000
Kelvin Davis,250000
Leon Osman,1000000
Tony Hibbert,500000
Steve Harper,250000
Kieran Richardson,1500000
Mark Schwarzer,500000
Sylvain Distin,750000
Richard Wright,250000
Mikel Arteta,2000000
Felipe Mattioni,500000
Stéphane Zubar,250000
Radamel Falcao,23000000
Zakaria Labyad,2500000
Jason Davidson,500000
Álex Fernández,750000
Ryan Mendes,1500000
Moussa Dembélé,3000000
Scott Wootton,300000
Matthew Upson,250000
Frazer Richardson,350000
Bobby Zamora,750000
Federico Macheda,750000
Jay Tabb,400000
Billy Knott,150000
Florent Cuvelier,150000
Shaq Coulthirst,100000
Nicky Shorey,250000
Emmerson Boyce,200000
Shola Ameobi,500000
Dean Hammond,500000
Ryan Flynn,350000
Ange-Freddy Plumain,500000
Florian Thauvin,9000000
Thomas Sörensen,250000
Matthew Fletcher,150000
Guillermo Varela,750000
Luis Alberto,4000000
Cristian Gamboa,1500000
Charalampos Mavrias,750000
Kenneth Omeruo,2300000
Joel Campbell,8000000
Juan Cuadrado,25000000
Takuma Asano,1500000
George Waring,250000
Clinton N'Jie,10000000
Michael Cain,100000
Calaum Jahraldo-Martin,100000
Sam Westley,50000
Memphis Depay,25000000
Serge Gnabry,2500000
Mario Pašalić,4500000
Cristian Cuevas,1200000
Chris Long,1000000
Gökhan Inler,4500000
Luis Hernández,3500000
Federico Fazio,5000000
Mario Balotelli,6000000
Adam Campbell,250000
Mitchell Beeney,100000
Lewis Kinsella,100000
Jake Gray,100000
James Pearson,100000
Jonny Maddison,50000
Stephen O'Donnell,250000
Danny Whitehead,50000
David Fox,250000
Danny Butterfield,50000
Jobi McAnuff,250000
Owen Garvan,250000
Zoumana Bakayogo,200000
Adam Buxton,50000
Alex Wynter,75000
Cameron Gayle,25000
Michael Harriman,150000
Connor Smith,250000
Pablo Maffeo,200000
Matty Kennedy,150000
Kaiyne Woolery,150000
Jérémy Hélan,500000
Cameron Stewart,250000
Tjaronn Chery,4500000
Adam Le Fondre,1750000
Sebastian Polter,2000000
Remie Streete,100000
Chris Kettings,150000
Raheem Hanley,75000
Matthew Taylor,250000
Conrad Logan,200000
Paul Konchesky,250000
Tom Thorpe,200000
Nile Ranger,250000
Wilson Palacios,750000
Grant Holt,350000
Frank Lampard,1000000
Steven Gerrard,1750000
Stevan Jovetić,10000000
Luciano Becchio,250000
Álvaro Arbeloa,1500000
Alexander Manninger,200000
Maxime Colin,1500000
João Teixeira,1000000
Paul Gladon,750000
Michael Doughty,250000
Jesse Joronen,250000
Philipp Hofmann,1000000
Thomas Lam,1250000
Pajtim Kasami,5000000
Berto,750000
Jack Hendry,250000
Paul Digby,150000
Jordan Amavi,10000000
Mikael Mandron,100000
Ross Turnbull,350000
Vladimir Stojkovic,750000
Stephen Kelly,350000
Scott Parker,500000
Jussi Jääskeläinen,150000
Wes Brown,500000
Matty Fryatt,250000
Marco Silvestri,500000
Rickie Lambert,1500000
Cheik Tioté,3200000
Hogan Ephraim,100000
Jerome Thomas,250000
Ryan Taylor,350000
Joe Quigley,100000
George Glendon,150000
Jerome Binnom-Williams,100000
Joe Maguire,100000
Rory Watson,50000
Jermaine Pennant,500000
Roger Johnson,250000
Leon Barnett,250000
Jay O'Shea,350000
George Francomb,150000
Elliot Grandin,150000
Kevin Doyle,600000
Peter Odemwingie,500000
Dionatan Teixeira,500000
Marco Amelia,100000
Tomas Rosicky,350000
Stefan O'Connor,50000
Mika,2000000
Enner Valencia,10000000
Papy Djilobodji,5000000
Marten de Roon,10000000
Giannelli Imbula,12000000
Julien De Sart,2000000
M'Baye Niang,15000000
Gabriel Paulista,13000000
Wahbi Khazri,7000000
Jordy Clasie,10000000
Pau López,1500000
Jonathan Calleri,8000000
Connor Randall,500000
Tareiq Holmes-Dennis,250000
Aleix García,1000000
Greg Luer,250000
Jordy Hiwula,250000
Adnan Januzaj,7000000
Tom Lawrence,2500000
Max Gradel,7000000
Steve Mandanda,8000000
Ron-Robert Zieler,7000000
Víctor Valdés,2000000
Shaun Maloney,1000000
Mark Hudson,500000
Joey Barton,1000000
Shay Given,250000
Gerhard Tremmel,250000
Paul Robinson,250000
Álvaro Negredo,7500000
Jesús Navas,12000000
Bernardo Espinosa,2500000
Jordi Amat,2500000
Gökhan Töre,12000000
Mark Birighitti,1000000
Marc Muniesa,3000000
Fernando,10000000
Sofiane Feghouli,12000000
Cristhian Stuani,3500000
José Enrique,800000
Leroy Lita,200000
Kagisho Dikgacoi,850000
Joseph Mills,300000
Dimitar Evtimov,150000
Andreas Bouchalakis,800000
Brian Lenihan,100000
Ilias Chatzitheodoridis,100000
Reece Grego-Cox,100000
Yeni Ngbakoto,2000000
Ritchie De Laet,1500000
Andreas Bjelland,2500000
Ryan Mason,7000000
Ryan Seager,100000
Nathan Delfouneso,250000
Peter Whittingham,750000
Marc-Antoine Fortuné,150000
Mike Williamson,250000
Michael Turner,350000
Elliott Ward,250000
Noel Hunt,150000
Michael Kightly,500000
Dwight Tiendalli,100000
Shaun Wright-Phillips,100000
Peter Ramage,150000
Victor Anichebe,1000000
Kenwyne Jones,500000
Diego Lugano,500000
Guly,500000
Ahmed Musa,15000000
Fredrik Ulvestad,750000
Sandro Ramírez,10000000
Marko Grujić,5000000
José Fonte,5000000
Francis Coquelin,12000000
Steven Pienaar,500000
Rafa Mir,1500000
John Terry,1000000
Apostolos Vellios,1000000
Gabriel Agbonlahor,1000000
Chris Baird,250000
Darren Bent,1000000
Karl Henry,500000
David Vaughan,500000
Marley Watkins,1000000
Laurens De Bock,2000000
Robbin Ruiter,2000000
Aaron Wilbraham,100000
Zoltán Gera,100000
Diego Poyet,500000
Clint Dempsey,1000000
André Carrillo,6000000
João Mário,25000000
Massadio Haïdara,1500000
Connor Goldson,1000000
Emre Can,30000000
Tiemoué Bakayoko,40000000
Allan Nyom,4500000
Dodi Lukébakio,3000000
Renato Sanches,20000000
Aiden O'Neill,500000
Davy Klaassen,15000000
Chancel Mbemba,6000000
Guido Carrillo,15000000
Edimilson Fernandes,5000000
Erdal Rakip,1500000
Chung-yong Lee,1500000
Leon Britton,1000000
Damien Delaney,1000000
Dušan Tadić,15000000
Stephen Ireland,1000000
Eric-Maxim Choupo-Moting,8000000
Rhoys Wiggins,500000
Jesús Gámez,2000000
Daley Blind,18000000
Ramiro Funes Mori,10000000
Per Mertesacker,1000000
Glen Johnson,2500000
Michael Carrick,1000000
Stuart Taylor,250000
Robert Huth,2500000
Steve Sidwell,1000000
Santi Cazorla,2500000
Liam Rosenior,1000000
Dean Whitehead,250000
David Ospina,5000000
Scott Arfield,3000000
Aleksandar Dragovic,10000000
Georgios Samaras,100000
André Santos,100000
Camilo Zúñiga,500000
Kyle De Silva,125000
Ronaldo Vieira,5000000
Richard Chaplow,125000
Didier Drogba,500000
Thibaut Courtois,65000000
Nacer Chadli,15000000
Caleb Ekuban,500000
Samu Saiz,3500000
Pelle Clement,350000
Vito Mannone,2000000
Jonathan Walters,1500000
Yossi Benayoun,250000
Joe Cole,150000
Lucas Piazón,2500000
Álvaro Morata,50000000
Tyias Browning,1000000
Reece Oxford,7000000
Brahim Díaz,5000000
Fousseni Diabaté,3000000
Alexander Sørloth,6000000
Adrien Silva,15000000
Bruno Saltor,750000
Julián Speroni,250000
Rob Green,250000
Petr Cech,2500000
Younès Kaboul,1500000
Vicente Iborra,9000000
Aron Gunnarsson,2500000
Omar Rowe,50000
Mason Bloomfield,75000
Csaba Somogyi,50000
John O'Shea,500000
Brett Holman,400000
Khanya Leshabela,100000
Tim Howard,300000
Goran Popov,100000
Luciano Vietto,7000000
Sergio Rico,12000000
Vincent Janssen,8000000
Alberto Moreno,9000000
Danilo,20000000
Lazar Markovic,4000000
Denis Suárez,12000000
Abdelhamid Sabiri,1500000
Cameron Borthwick-Jackson,1000000
Simon Mignolet,8000000
Henrikh Mkhitaryan,25000000
Matteo Darmian,10000000
Steven Davis,2000000
Peter Crouch,1000000
Marko Arnautovic,35000000
Alexis Sánchez,35000000
Ander Herrera,25000000
Pedro Obiang,7000000
Pape Souaré,2000000
Rachid Ghezzal,8000000
Miguel Britos,2000000
Lucas Pérez,4000000
Rajiv van La Parra,4000000
Eliaquim Mangala,10000000
Laurent Depoitre,3500000
Shinji Okazaki,4000000
Joselu,4000000
Anderson,300000
Scott Harrison,125000
Modou Barrow,2000000
Nouha Dicko,1500000
Paweł Wszołek,1500000
Saidy Janko,2000000
Gboly Ariyibi,500000
Karim Ansarifard,2000000
Samir Carruthers,250000
Kemar Roofe,5000000
Jakob Haugaard,350000
Aaron Tshibola,1500000
Joel Asoro,2000000
Arvin Appiah,250000
Felix Passlack,1500000
Diogo Gonçalves,2000000
Emmanuel Onariase,50000
Saeed Ezatolahi,1500000
Sean Goss,400000
Jorge Grant,150000
Andre Green,2000000
Micah Richards,500000
Andrew Taylor,500000
Almen Abdi,750000
Alan Hutton,1000000
Liam Ridgewell,500000
Gary O'Neil,500000
Boaz Myhill,350000
Lloyd Dyer,250000
Darren Fletcher,1000000
Mile Jedinak,1500000
James Morrison,1500000
Jonas Olsson,250000
David Jones,350000
Carlos Cuéllar,50000
Mark Bunn,250000
Ivo Pinto,2000000
Kristoffer Nordfeldt,1000000
Steve Morison,250000
Dimitrios Konstantopoulos,100000
Nélson Oliveira,3500000
Joel Ekstrand,100000
David Meyler,1000000
Leroy Fer,6000000
Billy Arce,600000
Alim Öztürk,200000
Kristoffer Peterson,2000000
Ibrahima Cissé,750000
Bastian Schweinsteiger,1000000
Markus Rosenberg,600000
Jesús Vallejo,10000000
Dimitri Foulquier,2500000
Ricky Holmes,250000
Angeliño,16000000
Patrick Cutrone,20000000
Dion Henry,50000
Adam Legzdins,250000
Sung-yueng Ki,4500000
Maya Yoshida,5000000
Jernade Meade,200000
Cabral,100000
Marcin Wasilewski,50000
Gedo,150000
Flávio Cristóvão,100000
Mateusz Bogusz,100000
Alexandru Dobre,250000
Ángel Rangel,300000
Ali Al-Habsi,250000
Ben Watson,250000
Ikechi Anya,300000
Yoshinori Muto,5500000
Ondrej Duda,10500000
Tiago Silva,1600000
Steve Mounié,6500000
Sofiane Boufal,8000000
Harold Moukoudi,3200000
Jon Gorenc Stankovic,1200000
Nabil Bentaleb,4000000
Matt Miazga,2000000
Bartosz Kapustka,1200000
Marco van Ginkel,3200000
Jordan Obita,800000
Djibril Sidibé,9500000
Jackson Irvine,2800000
Leroy Sané,80000000
Jon Toral,800000
Albian Ajeti,4800000
Angus MacDonald,600000
Wallace Oliveira,800000
Ally Samatta,9500000
Stephen Kingsley,1400000
Valentino Lazaro,15000000
Mike van der Hoorn,2800000
Ignacio Pussetto,6500000
Moise Kean,25000000
Danny Namaso,450000
Leonardo Campana,1800000
Juan Foyth,13500000
Nuno da Costa,1600000
Luca de la Torre,450000
Kamil Grabara,4500000
Leonardo Lopes,1000000
Panagiotis Retsos,8000000
Lucas Boyé,950000
Jetro Willems,5500000
Jay Spearing,600000
George Boyd,1200000
Charlie Daniels,1600000
Nikolaos Karelis,800000
Tommy Smith,650000
Nicolás Otamendi,14500000
Emmanuel Mayuka,325000
Erwin Mulder,600000
Morgan Schneiderlin,9500000
Yann Kermorgant,400000
Heurelho Gomes,400000
Pablo Zabaleta,800000
Wes Hoolahan,300000
Paul McShane,400000
Michel Vorm,800000
Danny Graham,475000
James Vaughan,400000
Alex Baptiste,400000
Matt Jarvis,300000
Gareth Barry,325000
Dean Marney,800000
Pepe Reina,650000
James Collins,600000
Leighton Baines,1600000
Simon Francis,800000
Grant Leadbitter,1600000
Jamie Mackie,800000
Danny Williams,475000
Ben Turner,400000
Claudio Bravo,1200000
Shaun Cummings,300000
Darron Gibson,600000
Jan Vertonghen,14500000
Matthew Connolly,400000
Stephen Ward,725000
Marc Pugh,800000
Craig Gardner,400000
Pedro,9500000
Rob Hall,325000
Nathan Byrne,800000
Jake Kean,400000
Bruno Martins Indi,3500000
Roberto Pereyra,9000000
Samba Diakité,325000
Rohan Ince,400000
Florian Lejeune,4800000
Ravel Morrison,600000
Gerard Deulofeu,20000000
Will Buckley,800000
Dean Moxey,400000
Martín Montoya,6500000
Jon McLaughlin,325000
Marnick Vermijl,375000
Lucas Torreira,30000000
Mattéo Guendouzi,32000000
Dejan Lovren,12000000
Felipe Anderson,25000000
Badou Ndiaye,6000000
Florent Hadergjonaj,3500000
Chris Smalling,20000000
Davide Zappacosta,10000000
Nedum Onuoha,500000
Carl Stewart,50000
DeAndre Yedlin,5000000
Zak Brunt,250000
Kyron Gordon,250000
Antwoine Hackford,100000
Dan Langley,250000
Gedson Fernandes,13500000
Mace Goodridge,200000
Bernardo,4800000
Jay-Roy Grot,800000
Victor Moses,6000000
Roderick Miranda,1500000
Sébastien Haller,30000000
Ahmed Hegazy,3500000
Marcos Rojo,6000000
Zach Clough,400000
Bright Osayi-Samuel,3500000
Thibaud Verlinden,250000
Andrew Shinnie,400000
Étienne Capoue,4000000
Wayne Rooney,2000000
Lewis Price,250000
Chris Brunt,350000
Robert Glatzel,2000000
George Thorne,500000
Andrew Surman,1000000
Ashley Williams,800000
Timothy Fosu-Mensah,4000000
Fikayo Tomori,17000000
Sokratis Papastathopoulos,4000000
Islam Slimani,5000000
Niki Mäenpää,250000
Daniel Pudil,300000
Nikica Jelavic,50000
Chris Herd,200000
Jan Kirchhoff,275000
Jordan Morris,5000000
Filip Krovinovic,4000000
Mason Barrett,50000
Alfa Semedo,1800000
Rodrigo Riquelme,1800000
Lee Camp,150000
Alexander Tettey,500000
Paul Arriola,3000000
Dominic Revan,150000
Teddy Rowe,150000
Arjan Raikhy,150000
Hayden Lindley,150000
Lewis Richardson,200000
Mamadou Sylla,150000
Harrison Sohna,150000
Callum Rowe,150000
Ryan Shotton,400000
Steven Taylor,300000
Hope Akpan,300000
Alex Nimely,50000
Kaylen Hinds,300000
Jack Barmby,150000
Essaïd Belkalem,200000
Dean Parrett,50000
Nathan Dyer,350000
Antonio Valencia,1800000
Cengiz Ünder,18000000
Andi Zeqiri,2500000
Rabbi Matondo,4000000
Hal Robson-Kanu,1500000
Xherdan Shaqiri,12000000
Michy Batshuayi,10000000
Toby Alderweireld,11000000
Ezgjan Alioski,5000000
Patrick van Aanholt,7000000
Georginio Wijnaldum,30000000
Modibo Maïga,300000
Nick Blackman,300000
Danny Fox,300000
Eric García,20000000
Olivier Giroud,4000000
Rui Patrício,10000000
Frederik Alves,1000000
Fabián Balbuena,5000000
Stephen Dobbie,200000
Percy Tau,3000000
Josh Sims,1200000
Philippe Sandler,2500000
Jake Hesketh,200000
Renat Dadashov,300000
Dani Ceballos,27000000
Alireza Jahanbakhsh,5000000
Dejan Iliev,300000
Matheus Pereira,15000000
Vitinha,7000000
Sam Woods,200000
Jordan Stevens,200000
Owen Otasowie,1500000
Frank Anguissa,25000000
Nya Kirby,300000
Beni Baningime,1000000
Ahmed Elmohamady,1500000
Eunan O'Kane,200000
Barry Douglas,1500000
James Rodríguez,28000000
Davy Pröpper,8000000
Joe Hart,2000000
Kamil Grosicki,1000000
Branislav Ivanovic,500000
Wes Morgan,400000
Stephen Henderson,300000
Mamadou Sakho,6000000
James McCarthy,3000000
Muhamed Besic,1500000
Hélder Costa,10000000
Bernard,12000000
Björn Engels,3000000
Héctor Bellerín,25000000
Erik Lamela,16000000
Willian José,18000000
Mathew Ryan,6000000
Ouasim Bouy,250000
Bongani Khumalo,300000
Elsad Zverotic,50000
Leonardo Ulloa,200000
Liam Kelly,450000
Rene Gilmartin,100000
Isaac Success,1800000
Niall Mason,150000
Marc Navarro,800000
Diego Rico,4500000
Stipe Perica,1500000
Declan John,300000
Isaac Mbenza,5000000
Yuri Ribeiro,1800000
Kwasi Sibo,200000
Brennan Camp,100000
Jaden Brown,500000
Juninho Bacuna,5000000
Elliot Lee,600000
David Nugent,200000
Martin Cranie,250000
Wayne Routledge,250000
Paul Gallagher,250000
Michael Dawson,200000
Stewart Downing,200000
Billy Jones,250000
Glenn Murray,300000
Tommy Elphick,300000
Barrie McKay,600000
Michael Hefele,300000
Tom Trybull,1800000
Henrik Dalsgaard,2000000
Nathaniel Méndez-Laing,2000000
Noor Husin,100000
Joey O'Brien,25000
Diego Cavalieri,200000
Reece Hannam,200000
Adam Federici,250000
Rees Greenwood,25000
Marc Wilson,10000
Danny Guthrie,100000
Fabricio Coloccini,75000
Ignacio Scocco,700000
Jean Beausejour,250000
Lee Tomlin,350000
Joe Ledley,300000
Maynor Figueroa,100000
Ryan Shawcross,500000
Vashon Neufville,125000
Oliver Burke,5000000
João Carvalho,2200000
Lys Mousset,8000000
Michael Verrips,900000
Leo Østigård,3000000
Rico Richards,150000
Ciaron Brown,400000
Matthew Smith,800000
Jordi Osei-Tutu,1200000
Declan Rudd,800000
Rafael Cabral,600000
Danny Simpson,300000
Denis Odoi,500000
Jordy de Wijs,1200000
George Pușcaș,2500000
Dejan Stojanovic,500000
Roland Lamah,150000
Charlie Ward,225000
Conor Henderson,150000
Jerell Sellars,150000
Florin Gardos,350000
Alejandro Faurlín,50000
Luka Racic,250000
Oskar Buur,300000
Filip Benkovic,2000000
Mason Greenwood,50000000
Jan Zamburek,800000
Harvey Blair,300000
Max Woltman,300000
Ferran Torres,45000000
Kjell Scherpen,2800000
Mads Bidstrup,900000
Tanguy Ndombélé,38000000
Gylfi Sigurdsson,3000000
Sead Kolasinac,3000000
Jean-Philippe Gbamin,10000000
Trezeguet,10000000
Sam McQueen,800000
Pablo Marí,5000000
Benjamin Mendy,10000000
Mungo Bridge,150000
Brian Murphy,10000
Moses Makasi,200000
Tom Allan,100000
Josh Robson,100000
Jonathan Parr,100000
Luka Ilic,800000
Jay Bothroyd,125000
Yannick Sagbo,150000
Ramires,300000
Winston Reid,600000
Alex Denny,50000
Yan Dhanda,800000
Filip Uremovic,6000000
Demeaco Duhaney,300000
Hannes Wolf,5000000
Philip Zinckernagel,3000000
Joe Lolley,2500000
Carel Eiting,2800000
Alfie Mawson,2500000
Finley Burns,300000
Abdallah Sima,8000000
Folarin Balogun,4000000
Richie Laryea,2500000
Toyosi Olusanya,200000
Ben Davies,2500000
Braian Ojeda,1500000
Ørjan Nyland,700000
Neil Taylor,500000
Nathan Baker,1500000
Sol Bamba,250000
Gary Cahill,400000
Keiren Westwood,200000
Tom Huddlestone,250000
Andre Gray,2000000
David Marshall,250000
Paulo Gazzaniga,2000000
Uche Ikpeazu,800000
Alen Halilovic,400000
Brice Samba,2500000
Robbie Brady,1000000
Ivan Cavaleiro,3000000
Andraz Sporar,4500000
Moses Odubajo,700000
Yoann Barbet,1800000
Michael Ledger,225000
Gozie Ugwu,250000
James Weir,150000
Jordon Ibe,300000
Artur Boruc,50000
Nicolas Pépé,25000000
Cameron Carter-Vickers,7000000
Alex Král,7000000
Ozan Kabak,10000000
Pierre Lees-Melou,5000000
Mads Bech Sørensen,5000000
Pontus Dahlberg,1000000
Samir Caetano,5000000
Steven Bergwijn,18000000
Kenedy,7000000
Jonjoe Kenny,4000000
Mathias Normann,10000000
Alex Telles,18000000
Eric Bailly,6000000
Nikola Vlašić,22000000
Milot Rashica,7000000
Aston Oxborough,100000
Adam Masina,3000000
Arthur Okonkwo,1500000
Dominic Thompson,800000
Enock Mwepu,18000000
Sonny Perkins,1200000
Francisco Trincão,20000000
Raphinha,45000000
Ademola Lookman,10000000
Yan Valery,2500000
Cucho Hernández,9000000
Tudor Băluță,1800000
Antonio Rüdiger,40000000
Lukas Rupp,1200000
Christoph Zimmermann,1000000
Kiko Femenía,2500000
Nemanja Matić,5000000
Andriy Yarmolenko,2500000
Joshua King,8000000
Marcos Alonso,12000000
Matej Vydra,2000000
Romelu Lukaku,70000000
Alexandre Lacazette,15000000
Rob Elliot,200000
Mark Noble,1000000
Kasper Schmeichel,4000000
Ben Foster,300000
Lee Grant,250000
Nicolas N'Koulou,2500000
Fabian Delph,1800000
Jonas Lössl,1000000
Edinson Cavani,4000000
Cenk Tosun,2000000
Juan Mata,2500000
Romain Saïss,8000000
Sadio Mané,70000000
Andreas Christensen,35000000
Anwar El Ghazi,9000000
Pierluigi Gollini,10000000
Marçal,1500000
Julian Jeanvier,900000
Paul Pogba,48000000
Takumi Minamino,12000000
Saúl Ñíguez,25000000
Jordi Gómez,200000
Rocky Bushiri,500000
Ross Fitzsimons,50000
Peter Etebo,1500000
Allan,10000000
Toby King,10000
Izzy Brown,800000
Andre Wisdom,300000
Anthony Pilkington,250000
Callum McManaman,300000
Dale Stephens,600000
Mousa Dembélé,400000
Aaron Lennon,600000
James Scott,400000
Caolan Boyd-Munce,250000
Reda Khadra,1000000
Todd Cantwell,8000000
Rey Manaj,1500000
Dujon Sterling,800000
Niels Nkounkou,2500000
Sam Waller,250000
Josef Bursik,2000000
Salah Oulad,800000
Jon Russell,900000
Ashley Westwood,1000000
Timm Klose,300000
William Troost-Ekong,3000000
Layton Ndukwu,100000
Loïc Mbe Soh,2500000
Terry Ablade,200000
Connor Ronan,800000
Frédéric Guilbert,5000000
Oliver Hammond,250000
Alex Gibson-Hammond,150000
Diamond Edwards,150000
Luciano D'Auria-Henry,150000
Jamal Baptiste,250000
Charlie Robinson,150000
Dom Ballard,300000
Chris Francis,100000
Ferdinand Okoh,100000
Regan Clayton,150000
Sammy Braybrooke,250000
Joe Wormleighton,100000
Stanley Mills,150000
Billy Fewster,150000
Lewis Payne,200000
Stefan Parkes,150000
Jack Wadham,100000
Loïc Badé,10000000
Tristan Crama,100000
Ben Knight,300000
Kyle John,150000
Connor McAvoy,250000
Keenan Appiah-Forson,300000
Matt Smith,350000
Lewis Brunt,100000
Mateusz Klich,2000000
Cristiano Ronaldo,20000000
Salomón Rondón,2000000
Sergi Canós,12000000
Ayoze Pérez,6000000
Diego Llorente,12000000
Kevin Mbabu,7000000
João Cancelo,70000000
Ludwig Augustinsson,4000000
Morgan Sanson,6000000
Anton Walkes,1000000
Brek Shea,300000
Christian Fuchs,400000
Kieran Gibbs,500000
Geoff Cameron,150000
Jakub Ojrzynski,50000
Jordan Brown,25000
Henry Wise,25000
Marcus Barnes,50000
Fraser Fyvie,200000
Alex Kirk,150000
David Boateng,50000
Anders Lindegaard,200000
Sebastian Larsson,500000
Robbie Burton,300000
Mohamed Diamé,200000
Bojan Krkic,500000
Jason Puncheon,300000
Gary Hooper,300000
Román Golobart,100000
Tino Anjorin,2000000
Tom Carroll,1000000
Sammy Ameobi,250000
Moritz Leitner,200000
Claudio Yacob,150000
Danny Drinkwater,400000
Jamie Cumming,1000000
Caleb Watts,250000
Luke Mbete,2000000
Lukas Jensen,250000
Mipo Odubeko,350000
Charlie Savage,600000
Robert Street,200000
Kgaogelo Chauke,250000
Harry Boyes,250000
Caleb Taylor,900000
Harvey White,600000
Taylor Perry,350000
Tyreece John-Jules,800000
Dynel Simeu,800000
Craig Noone,300000
Carl Jenkinson,450000
Jack Rodwell,350000
Curtis Good,550000
Caleb Chukwuemeka,200000
Jackson Smith,150000
Ryan Finnigan,250000
Jack Jenkins,150000
Charlie McNeill,200000
Louie Barry,1000000
Mazeed Ogungbo,150000
Thomas Dickson-Peters,200000
Lewis Richards,175000
Chris Gunter,200000
Jake Walker,75000
Josh Pask,75000
Shaun MacDonald,75000
Luke Simpson,25000
Jazz Richards,50000
Cody Cropper,200000
Rory Donnelly,150000
Max Haygarth,50000
Matthias Fanimo,150000
Michael Petrasso,150000
Beram Kayal,300000
Tomer Hemed,200000
Adlène Guédioura,100000
Ákos Onódi,150000
Mesca,300000
Adam Matthews,400000
Valentin Roberge,300000
Kane Wilson,300000
Domingos Quina,1800000
Óscar Estupiñán,5000000
Sam Field,3500000
Marcus Forss,3500000
Elijah Dixon-Bonner,200000
Tom Edwards,1200000
Christos Tzolis,5000000
Joel Latibeaudiere,1000000
Keinan Davis,3000000
Bailey Peacock-Farrell,1000000
Elliot Embleton,1200000
Daniel Grimshaw,500000
Ben Sheaf,3800000
Admiral Muskwe,300000
Karlan Grant,4500000
Callum Connolly,1200000
Matt Clarke,3500000
Lynden Gooch,1200000
Jordan Smith,250000
Nathan Tella,18000000
Mamadou Loum,2500000
Sory Kaba,2800000
Keshi Anderson,300000
Darnell Furlong,3500000
Shayne Lavery,800000
Allan Campbell,3000000
Danel Sinani,1000000
Ben Woodburn,1000000
Mark Harris,800000
Nathan Baxter,400000
Maduka Okoye,2000000
Halil Dervişoğlu,2000000
Henrique Araújo,4500000
Xavier Simons,500000
Edouard Michut,2500000
Leo Hjelde,1500000
Benjamin Tetteh,1500000
Joe Taylor,250000
Étienne Camara,500000
Álvaro Carreras,7000000
Scott High,900000
Liam Gibbs,2800000
Matthew Sorinola,1000000
Marquinhos,12000000
Charlie Patino,12000000
Jeremy Ngakia,2200000
Aji Alese,1200000
Dion Sanderson,4000000
Taylor Richards,400000
João Ferreira,400000
Cohen Bramall,600000
Regan Slater,3500000
Niall Huggins,200000
Miguel Azeez,600000
Jamie Shackleton,2000000
Cody Drameh,3500000
Louie Watson,250000
George Evans,350000
Tyler Roberts,3000000
Matthew Lowton,250000
Scott Malone,700000
Ciaran Clark,600000
Joe Bennett,300000
David Cornell,250000
Onel Hernández,1000000
Albert Adomah,250000
Christian Kabasele,1000000
Sean Morrison,900000
Martin Kelly,300000
George Friend,150000
Matt Phillips,800000
Enda Stevens,600000
Luke Garbutt,300000
Gary Gardner,600000
Ryan Allsop,900000
Ben Gibson,2000000
Nathaniel Chalobah,1800000
Lee Nicholls,900000
Grant Hall,500000
Danny Ward,700000
Sam Clucas,400000
Tobias Figueiredo,1500000
Tommy Smith,700000
Will Keane,1000000
Greg Cunningham,300000
Romaine Sawyers,1000000
Kevin Long,500000
Matty James,800000
Tom Cleverley,400000
Ben Amos,300000
Kyle Bartley,600000
Jordan Rhodes,300000
Andy Carroll,300000
Chris Martin,300000
Luke Daniels,150000
Jonathan Howson,250000
Henri Lansbury,300000
Erik Pieters,350000
Liam Bridcutt,200000
Lee Peltier,200000
Shane Long,250000
Lukas Jutkiewicz,450000
Michael McGovern,150000
Phil Jagielka,200000
Leon Balogun,250000
Ben Hamer,200000
Gary Madine,250000
Kyle Naughton,300000
Troy Deeney,400000
Tomáš Vaclík,1200000
Scott Dann,200000
Shane Ferguson,300000
Jake Livermore,500000
David Button,250000
Neil Etheridge,500000
Jonathan Hogg,250000
Marc Albrighton,1000000
Craig Cathcart,600000
Junior Hoilett,400000
Nick Powell,900000
James McClean,500000
Harry Cornick,1200000
Duncan Watmore,1000000
Alex Palmer,900000
Josh Vickers,300000
Sheyi Ojo,1800000
Duane Holmes,1800000
Lucas João,1200000
Ryan Ledson,1500000
Luke Amos,500000
Jordan Hugill,700000
Hassane Kamara,8000000
Ashley Fletcher,800000
Samuel Bastien,1800000
Connor Mahoney,300000
Callum Elder,800000
Joe Williams,1200000
Matt Grimes,7000000
Kieran Dowell,2000000
Britt Assombalonga,2000000
Ben Pearson,2200000
Jordan Graham,350000
Nahki Wells,700000
Jay Fulton,1200000
James Husband,600000
Adam Reach,1000000
Cyrus Christie,1000000
Max Power,1000000
Tomas Kalas,900000
Jeff Hendrick,1500000
Bersant Celina,2500000
Sean Maguire,600000
Tom Ince,1500000
Abdul Rahman Baba,1200000
Olivier Ntcham,3000000
Joe Ralls,1800000
Dimitrios Pelkas,2800000
Patrick Roberts,3200000
Kevin Stewart,300000
John Swift,5000000
Jack O'Connell,1200000
Mario Vrancic,300000
Gaëtan Bong,150000
Fraizer Campbell,150000
Josip Drmic,2000000
Sylvain Deslandes,200000
Krisztián Adorján,150000
Liam Millar,1700000
Gaetano Berardi,50000
Sead Hajrovic,250000
Marcus Browne,300000
Joe Hardy,75000
Niall Ennis,450000
Lasse Sörensen,500000
Joe Powell,500000
Jordan Williams,1000000
Jamie McGrath,500000
Elliott Moore,500000
Marcus McGuane,350000
Regan Poole,450000
Darnell Johnson,125000
Kyle Edwards,350000
Jonathan Leko,500000
Herbie Kane,1100000
Liam Gibson,200000
George Thomas,275000
Baily Cargill,200000
Grant Ward,275000
Harry Burgoyne,150000
Joel Coleman,250000
Will Norris,350000
Sam Hughes,350000
Nathan Holland,300000
Josh Benson,350000
Liam McCarron,250000
Timothy Eyoma,500000
Corey Blackett-Taylor,350000
Tete Yengi,300000
Anthony Mancini,150000
Mark Helm,225000
Max Watters,300000
Kyle Taylor,200000
Zak Swanson,250000
Panutche Camara,350000
Luke Southwood,500000
Daniel Batty,300000
James Olayinka,300000
Daniel Barden,200000
Lewis Cass,250000
Terry Taylor,300000
Harvey Rodgers,250000
Rekeem Harper,400000
Will Mannion,150000
Corrie Ndaba,200000
Akin Famewo,300000
Josh Knight,1000000
Adam Parkes,150000
Max Sanders,275000
MJ Williams,250000
Oliver Casey,350000
Cameron Brannagan,500000
Kieron Freeman,150000
Michael Hector,500000
Ben Heneghan,250000
Todd Kane,250000
Liam O'Neil,150000
Jamal Blackman,350000
Jack Grimmer,300000
Graeme Shinnie,400000
John Brayford,100000
Korey Smith,400000
James Chester,100000
Garath McCleary,125000
Connor Ripley,250000
David Stockdale,100000
Sam Baldock,100000
Conor Hourihane,450000
Barry Bannan,300000
Elias Kachunga,300000
Jack Payne,500000
Bradley Johnson,100000
Sam Vokes,275000
Elliott Bennett,150000
Sone Aluko,150000
David McGoldrick,200000
Richard Stearman,75000
Curtis Davies,100000
David Martin,75000
Ryan Bennett,250000
Adam Smith,200000
Donald Love,250000
Wes Burns,1200000
Reece James,400000
Lloyd Jones,300000
Courtney Duffus,100000
Gethin Jones,450000
Callum Paterson,900000
Connor Ogilvie,400000
Freddie Ladapo,650000
Jason McCarthy,350000
Lloyd Isgrove,100000
Dominic Gape,200000
Sean Raggett,400000
Joel Dixon,150000
George Byers,400000
Conor Grant,200000
Oumar Niasse,200000
Brendan Galloway,400000
Louis Thompson,200000
Conor McGrandles,350000
Greg Leigh,200000
Josh Murphy,700000
Janoi Donacien,300000
Adedeji Oshilaja,300000
Luke McGee,200000
Ryan Inniss,300000
Matthew Pennington,500000
Kwadwo Baah,300000
Sebastian Soto,350000
Claudio Gomes,1400000
Marco Stiepermann,250000
Thomas Eisfeld,250000
Florin Andone,800000
Tadanari Lee,150000
D'Mani Mellor,300000
Aaron Rowe,150000
Dara Costelloe,300000
Matty Daly,250000
Daniel Adshead,125000
John McAtee,200000
Dan Kemp,250000
Dion Pereira,200000
Tolaji Bola,150000
Conor Masterson,250000
Henri Saivet,500000
Chris Löwe,150000
Luca Scapuzzi,175000
Sam Surridge,5000000
Edouard Mendy,12000000
Lyanco,3500000
Tetê,25000000
Rasmus Nissen Kristensen,13000000
Steven Sessegnon,800000
Arthur Melo,15000000
Matías Viña,8000000
Omar Richards,5000000
Deniz Undav,10000000
Marc Roca,10000000
Denis Zakaria,18000000
Weston McKennie,18000000
Gustavo Scarpa,10000000
Robin Koch,18000000
Çağlar Söyüncü,15000000
Romain Perraud,12000000
Gianluca Scamacca,22000000
Christian Pulisic,25000000
Adnan Kanuric,150000
Davinson Sánchez,15000000
Boubakary Soumaré,20000000
Japhet Tanganga,7000000
Dan Nlundulu,900000
Jordan Zemura,6000000
Fin Stevens,300000
Luke Plange,1000000
Mohammed Salisu,18000000
Zidane Iqbal,1000000
Máximo Perrone,10000000
Christian Saydee,400000
Chiquinho,2000000
Moussa Djenepo,8000000
Viljami Sinisalo,500000
Matty Longstaff,1000000
Renan Lodi,20000000
Giulian Biancone,6000000
Haydon Roberts,700000
Naby Keïta,12000000
Shane Duffy,2000000
Mislav Orsic,5000000
Marcel Sabitzer,20000000
Lyle Taylor,300000
Joel Robles,1000000
Kalidou Koulibaly,15000000
Adam Forshaw,1200000
Wilfried Zaha,22000000
Alex Oxlade-Chamberlain,7000000
Jesse Lingard,8000000
Manuel Lanzini,6000000
Jack Butland,1500000
Layvin Kurzawa,3000000
Pontus Jansson,2500000
Harry Kane,90000000
Steve Cook,1800000
Junior Stanislas,500000
Aleksandar Mitrović,28000000
André Ayew,1800000
Diego Costa,2000000
James McArthur,400000
Alex Smithies,500000
Theo Walcott,1000000
João Moutinho,1500000
Willy Caballero,150000
César Azpilicueta,5000000
Pierre-Emerick Aubameyang,4000000
David de Gea,13000000
Philippe Coutinho,10000000
Keylor Navas,4000000
Lucas Moura,6000000
Jack Colback,600000
Libor Kozak,275000
Luke Ayling,1800000
Vicente Guaita,1000000
Daniel Podence,20000000
Duje Caleta-Car,11000000
Wout Weghorst,12000000
Matija Sarkic,2000000
Remo Freuler,8000000
Yerry Mina,10000000
Ainsley Maitland-Niles,8000000
Allan Saint-Maximin,32000000
Fabinho,42000000
Demarai Gray,20000000
N'Golo Kanté,15000000
Aymeric Laporte,25000000
Stuart Dallas,1500000
Rúben Neves,40000000
Riyad Mahrez,20000000
Hakim Ziyech,16000000
Daniel Amartey,12000000
Mohamed Elyounoussi,9000000
Cafú,600000
Ruben Loftus-Cheek,25000000
Fred,20000000
Juraj Kucka,1200000
Filip Orsula,100000
Lewis Grabban,250000
Jayden Bennetts,75000
Ollie O'Neill,250000
Rayhaan Tulloch,200000
Alfie Lewis,100000
Danny Lafferty,50000
Graham Burke,275000
Archie Davies,100000
Richie Towell,200000
Jordan Lyden,175000
Harry Charsley,250000
Josh Harrop,200000
Courtney Baker-Richardson,250000
Rushian Hepburn-Murphy,200000
Ro-Shaun Williams,250000
Joel Mumbongo,150000
Anthony Georgiou,100000
Ben Barclay,150000
Harry Lewis,350000
James Tilley,250000
Ali Koiki,200000
Brandon Comley,200000
Mateusz Hewelt,125000
George McEachran,200000
Marcel Lavinier,300000
Richard Nartey,150000
Morgan Feeney,175000
Jordan Green,125000
Cameron John,150000
Max Taylor,100000
Kyle Jameson,125000
Anthony Driscoll-Glennon,250000
Tobi Omole,75000
Robbie Gotts,250000
Tom Clayton,175000
Jake Cain,200000
Jamie Sterry,125000
Joe Riley,125000
Hiram Boateng,250000
Tom Anderson,225000
Alex Gilliead,225000
Gabriel Tamas,100000
Phil Bardsley,75000
Chu-young Park,100000
Leon Clarke,50000
Adrian Mariappa,100000
Stephen Quinn,75000
Alex Pearce,50000
James Perch,75000
Jordon Mutch,175000
Mark Oxley,150000
Adam Clayton,175000
Stuart O'Keefe,100000
Jordan Bowery,175000
Sean Scannell,75000
Ryan Watson,150000
David Ferguson,225000
Kwesi Appiah,100000
Liam Shephard,200000
Jack Rose,200000
Tom Hopper,200000
Ben Reeves,100000
Sam Hoskins,325000
Max Ehmer,175000
Jonathan Williams,350000
Emyr Huws,150000
Ethan Ebanks-Landell,200000
Lewis Page,125000
Charlie Austin,275000
Marouane Fellaini,1000000
Benny Ashley-Seal,75000
James Furlong,275000
Brooklyn Genesini,50000
Nico Yennaris,250000
Leandro Rodríguez,75000
Siriki Dembélé,2000000
Adnan Maric,225000
Joe Bryan,2200000
Zeki Fryers,100000
Christopher Schindler,500000
Philip Heise,600000
Paulinho,200000
Ali Gabr,700000
Ramadan Sobhi,3000000
Luke Matheson,300000
Alpha Diounkou,300000
Kevin Toner,150000
Fabri,100000
Emilio Nsue,250000
Pablo Hernández,100000
Martín Payero,3500000
Carlos Sánchez,250000
Jorge Hurtado,700000
Ezequiel Schelotto,50000
Ângelo,13000000
Fernandinho,600000
Wellington Paulista,150000
Wellington Silva,450000
Adama Diomande,200000
Derrick Williams,600000
Victor Wanyama,2500000
Eldin Jakupovic,100000
Sebastián Blanco,600000
Billy Sharp,200000
Brad Guzan,100000
Róger Espinoza,150000
Markus Henriksen,800000
Gregor Zabret,25000
Ben Cottrell,175000
Phil Ofosu-Ayeh,400000
Nathan Mavila,150000
Bernardo Rosa,150000
Kleton Perntreou,200000
Tendayi Darikwa,400000
Charly Musonda Jr.,500000
George Marsh,250000
Federico Fernández,500000
Alex Robertson,500000
Luka Milivojevic,2000000
Neeskens Kebano,2000000
Marc Jurado,100000
Tomás Mejías,150000
Jonathan Benteke,75000
Samuel Kalu,2500000
Kadeem Harris,400000
Michal Karbownik,4000000
Kean Bryan,500000
Josh Martin,500000
Tariqe Fosu,1500000
Josh Onomah,1200000
Liam Moore,700000
Phil Jones,1000000
Jed Steer,400000
Connor Wickham,400000
Daniel Ayala,450000
Luke Freeman,500000
Stefan Johansen,600000
Danny Rose,500000
Dan Gosling,250000
Ryan Bertrand,500000
Jozy Altidore,300000
Giedrius Arlauskis,200000
Ellis Simms,6000000
Ryan Longman,2200000
Ethan Laird,5000000
Alex Gilbert,100000
Taylor Gardner-Hickman,1800000
Di'Shon Bernard,2000000
Joe Gelhardt,7000000
Nathan Bishop,300000
Edo Kayembe,4000000
Jakub Stolarczyk,300000
Allan Tchaptchet,600000
Aaron Connolly,3500000
Bali Mumba,1500000
Lewis Bate,1200000
Bobby Thomas,2000000
Tony Springett,500000
Darko Gyabi,2000000
Sam McCallum,1800000
James Morris,300000
Wanya Marçal,300000
Lewis Gibson,900000
Jack Stacey,2200000
George Honeyman,1000000
Christian Walton,900000
Lewis Baker,2500000
Patrick Bamford,7000000
Callum Robinson,3000000
Daniel Bachmann,3000000
Jonathan Kodjia,400000
Liam Cooper,1800000
Sam Gallagher,2800000
Przemyslaw Placheta,1500000
Tyrese Campbell,2500000
Krystian Bielik,2500000
Patson Daka,15000000
Wesley Moraes,2500000
Dael Fry,5000000
Chris Willock,2000000
Jake Clarke-Salter,1500000
Vegard Forren,25000
Joe Mason,150000
Soufyan Ahannach,350000
Djair Parfitt-Williams,200000
Rodrigo,5000000
Ibrahima Diallo,6500000
Simon Dawkins,75000
Juan Agudelo,375000
Luke Croll,10000
Kyle Scott,175000
Kazaiah Sterling,250000
Jack Bearne,75000
Jack Spong,175000
Jack Young,150000
Michal Zyro,100000
Tommy Robson,250000
Luis Longstaff,150000
Michael Obafemi,3500000
Conor Coventry,1500000
Gavin Kilkenny,300000
Bruno Jordão,1000000
Charlie Goode,500000
Darko Churlinov,2000000
Pablo Fornals,17000000
Hamed Traoré,18000000
Marcelo Pitaluga,400000
Femi Seriki,300000
Filip Marschall,800000
Alejo Veliz,11000000
Bénie Traoré,4000000
Dan Gore,900000
Tyrese Francois,500000
Fábio Silva,13000000
Denis Franchi,250000
Serge Aurier,7000000
Eric Dier,12000000
Jonny Otto,8000000
Javier Manquillo,2000000
Leander Dendoncker,11000000
John Fleck,900000
Hugo Lloris,1500000
Ivan Perišić,4000000
Mahmoud Dahoud,14000000
Donny van de Beek,9000000
Saïd Benrahma,22000000
Emiliano Marcondes,1500000
Thilo Kehrer,9000000
Zack Steffen,2500000
Scott McKenna,10000000
Scott Twine,3000000
Stephen Duke-McKenna,150000
Allahyar Sayyadmanesh,2500000
Loick Ayina,150000
Nectarios Triantis,300000
Imrân Louza,7000000
Jon McCracken,250000
Alex Pritchard,1500000
Rúnar Alex Rúnarsson,800000
Ui-jo Hwang,3000000
Dwight Gayle,300000
Yannick Bolasie,250000
Rúben Vinagre,2800000
Jonathan Panzo,1200000
Jason Lokilo,700000
Liam Shaw,400000
James Balagizi,150000
Kell Watts,250000
Tom McIntyre,1200000
Ovie Ejaria,1200000
Billy Blacker,100000
Sam Greenwood,4500000
Luke McNally,3800000
Brandon Williams,2500000
Mileta Rajović,2500000
Noah Ohio,2000000
Gabriel Sara,18000000
Sékou Mara,6000000
Million Manhoef,3500000
Osman Kakay,500000
Sydney van Hooijdonk,4000000
Reggie Cannon,2200000
Anass Zaroury,9000000
Ryan Giles,4500000
Sinclair Armstrong,1000000
Mykola Kukharevych,1500000
Charles Sagoe Jr,600000
Luís Semedo,600000
Yáser Asprilla,9000000
Ronald,1800000
Mason Burstow,1800000
Ismaël Koné,11000000
Kristoffer Klaesson,1800000
Charlie Cresswell,4000000
Matheus Martins,7000000
Alex Matos,1200000
Jonathan Rowe,9000000
Lyndon Dykes,2000000
Ozan Tufan,2800000
Famara Diédhiou,500000
Jamal Lowe,1500000
Glen Kamara,6000000
Wesley Hoedt,2200000
Joe Rothwell,2500000
Andreas Weimann,900000
Dennis Praet,4000000
Stuart Armstrong,2000000
Okay Yokuşlu,3000000
Daniel Johnson,800000
Mehdi Léris,2500000
Sead Haksabanovic,3500000
Nathaniel Phillips,3500000
Yunus Akgün,5000000
Ché Adams,15000000
Yuta Nakayama,1200000
Dimitrios Giannoulis,2800000
David Turnbull,3800000
Ansu Fati,25000000
Vitinho,5000000
Elliot Thorpe,200000
Karl Hein,2000000
Conor Gallagher,50000000
Jacob Brown,4000000
Emerson Royal,18000000
Jack Walton,400000
Auston Trusty,7000000
Jordan Amissah,250000
Albert Sambi Lokonga,15000000
Sergio Gómez,10000000
Gabriel Osho,3000000
Nayef Aguerd,35000000
Arnaut Danjuma,13000000
Nicolò Zaniolo,20000000
Mads Andersen,3000000
Rhian Brewster,3000000
Billy Gilmour,18000000
Gonzalo Montiel,10000000
Moussa Diaby,55000000
Giovanni Reyna,18000000
Lorenz Assignon,10000000
Omari Forson,2000000
Diego Moreira,3000000
Issa Kaboré,10000000
Deivid Washington,9000000
Oliver Arblaster,450000
Valentín Barco,13000000
Noha Lemina,500000
Alfie Gilchrist,5000000
Willy Kambwala,5000000
Andre Brooks,2500000
Kaine Kesler-Hayden,2200000
Romain Faivre,15000000
Teden Mengi,12000000
Anis Ben Slimane,2500000
Fábio Vieira,22000000
Bryan Gil,14000000
Nuno Tavares,15000000
Shandon Baptiste,2500000
Nathan Ferguson,1000000
Michael Olise,55000000
Ameen Al-Dakhil,12000000
Alfie Doughty,10000000
Joseph Anang,300000
Julián Alvarez,90000000
Rodrigo Ribeiro,3000000
George Baldock,2500000
Tim Ream,800000
Ryan Fredericks,1000000
Nathan Redmond,5000000
Jack Robinson,1000000
Luke Berry,400000
Marek Rodák,3000000
Jordan Clark,1000000
Clément Lenglet,10000000
Anthony Martial,10000000
Paul Dummett,900000
Cauley Woodrow,1000000
Pierre-Emile Højbjerg,18000000
Raphaël Varane,20000000
Mohamed Elneny,3500000
Kurt Zouma,25000000
Felipe,1500000
Divock Origi,5000000
Cédric Soares,2000000
Cheikhou Kouyaté,1000000
Andros Townsend,1800000
James Tomkins,700000
Thiago Alcántara,10000000
Harry Arter,400000
Jay Rodríguez,1000000
Chris Basham,300000
Zanka,1000000
Darren Randolph,300000
Angelo Ogbonna,700000
Jonny Evans,2000000
Jack Cork,800000
Tim Krul,500000
Thiago Silva,1000000
Andy Lonergan,100000
Adrián San Miguel,600000
Matt Ritchie,1000000
James Shea,200000
Loris Karius,1000000
Pascal Groß,8000000
Joel Matip,8000000
Thomas Kaminski,3000000
Ben Mee,1000000
Oliver Norwood,1000000
Jóhann Berg Gudmundsson,1000000
Elijah Adebayo,12000000
Scott McTominay,32000000
Tom Davies,5000000
Fred Onyedinma,500000
Ionuț Radu,3000000
Fodé Ballo-Touré,3000000
Moussa Niakhaté,16000000
Sofyan Amrabat,22000000
Alfie Whiteman,500000
Benson Manuel,5000000
Gustavo Hamer,15000000
Marvelous Nakamba,5000000
Giovani Lo Celso,16000000
Malang Sarr,4000000
Tahith Chong,6000000
Ivo Grbic,3500000
Thomas Strakosha,3000000
André Gomes,10000000
Ben Osborn,1000000
Neal Maupay,12000000
Calum Chambers,4000000
Dele Alli,5000000
Tom Lockyer,2500000
Saman Ghoddos,2000000
Dan Potts,900000
Reece Burke,1800000
Max Lowe,2500000
Ivan Toney,50000000
Pelly Ruddock Mpanzu,1500000
Carlton Morris,13000000
Brandon Aguilera,300000
Paul Mukairu,700000
Luke Robinson,175000
Louie Moulden,175000
Josh Magennis,150000
Dean Bouzanis,125000
Alex Mighten,500000
Facundo Pellistri,10000000
Lloyd Kelly,18000000
Luke Cundle,5000000
Max Aarons,16000000
João Félix,30000000
Emmanuel Dennis,4000000
Kosta Nedeljkovic,8500000
Samuel Amo-Ameyaw,300000
Antony,20000000
Andrew Omobamidele,11000000
Joe Gauci,1500000
Cesare Casadei,10000000
Carney Chukwuemeka,15000000
Jhon Durán,40000000
Mario Lemina,9000000
Maxwel Cornet,8000000
Jakub Moder,10000000
Miguel Almirón,16000000
Diego Carlos,11000000
Philip Billing,14000000
Joe Hugill,300000
Kieran Phillips,350000
Dale Taylor,900000
Nelson Abbey,500000
Festy Ebosele,6000000
Ryan Porteous,3000000
Ismaila Coulibaly,1000000
Lukas Engel,2200000
Han-Noah Massengo,3000000
Kayky Almeida,600000
Jewison Bennette,900000
Ryotaro Tsunoda,550000
Matthew Hoppe,600000
Hevertton,700000
Andréas Hountondji,2800000
Tom Holmes,3500000
Christian Fassnacht,2000000
Ken Sema,1500000
Abdülkadir Ömür,6000000
Chris Bedia,2500000
Grant Hanley,700000
Jonathan Bond,500000
Manolis Siopis,2200000
Emmanuel Latte Lath,10000000
Wilfried Kanga,3500000
Anthony Racioppi,1500000
Tom Krauß,4000000
Uros Racic,2500000
Nazariy Rusyn,1500000
Jeremy Sarmiento,7000000
Josh Wilson-Esbrand,4000000
CJ Egan-Riley,16000000
Jenson Seelt,2000000
Lewis Dobbin,2500000
Nathan Tjoe-A-On,350000
Lewis O'Brien,4000000
Yasser Larouci,3500000
Josh Bowler,1000000
Sivert Mannsverk,4000000
Largie Ramazani,7500000
Borja Sainz,14000000
Ryan Andrews,2500000
Mateo Joseph,3500000
Jayden Danns,800000
Milan Aleksic,700000
Min-hyeok Yang,3500000
Steven Alzate,3500000
Gustavo Puerta,3500000
Jobe Bellingham,22000000
Thelo Aasgaard,2000000
Vini Souza,15000000
Salis Abdul Samed,5500000
Abu Kamara,4000000
Etienne Green,700000
Andrew Moran,3500000
Luca Koleosho,12000000
Rav van den Berg,4500000
Rob Holding,3500000
Dan Barlaser,2000000
Maximilian Wöber,8000000
Kieffer Moore,1000000
Amari'i Bell,1200000
Josh Brownhill,14000000
Kelechi Iheanacho,4500000
Yakou Méïté,1200000
Kenneth Paal,2800000
Joe Allen,200000
Nordin Amrabat,150000
Jonjo Shelvey,800000
João Pedro,1800000
Ethan Horvath,1200000
Jordan Thompson,900000
Kristian Pedersen,500000
Dimitrios Goutas,1200000
Manor Solomon,14000000
Shurandy Sambo,2000000
Jesper Daland,3500000
Ben Brereton Díaz,7500000
Anfernee Dijksteel,1200000
Isaac Schmidt,2200000
Tom Glover,800000
Torbjørn Heggem,1200000
Wouter Burger,4500000
Daiki Hashioka,1800000
Jacob Lungi Sørensen,1000000
Grady Diangana,3500000
Tom Dele-Bashiru,1500000
Mason Holgate,4000000
Lincoln,3500000
Doğukan Sinik,1600000
Francisco Sierralta,1500000
Junior Firpo,8000000
Vakoun Bayo,4000000
Anel Ahmedhodzic,18000000
Jesper Lindstrøm,18000000
Luke Woolfenden,2000000
Carlos Vinícius,3500000
Luis Sinisterra,15000000
Mykhaylo Mudryk,18000000
Malcolm Ebiowei,1200000
Tariq Lamptey,11000000
Albert Grønbaek,11000000
Eiran Cashin,8000000
Woyo Coulibaly,2000000
Darwin Núñez,45000000
Will Smallbone,6000000
Tommy Doyle,10000000
Jakub Kiwior,28000000
Matt Turner,2500000
Lucas Bergström,700000
Vitezslav Jaros,4000000
Luis Díaz,70000000
Armel Bella-Kotchap,9000000
Eric da Silva Moreira,1000000
Dean Huijsen,60000000
Nasser Djiga,10000000
Ben Winterburn,500000
Danilo,28000000
David Datro Fofana,6000000
Nicolas Jackson,50000000
Daniel Jebbison,4000000
Kamaldeen Sulemana,13000000
Ramón Sosa,12000000
Pedro Lima,5000000
Aarón Anselmino,8000000
Harry Amass,5000000
Mikey Moore,18000000
Mathis Amougou,10000000
Vitor Reis,30000000
Claudio Echeverri,18000000
Martial Godo,600000
Joachim Kayi Sanda,1500000
Matheus França,10000000
Julio Enciso,22000000
Ilya Zabarnyi,42000000
Bilal El Khannouss,28000000
Boubacar Traoré,5000000
Evan Ferguson,25000000
Juan Larios,3500000
Carl Rushworth,3000000
Carlos Miguel,4000000
Jarell Quansah,20000000
Cieran Slicker,300000
Tyler Morton,7000000
Rasmus Højlund,35000000
Jota Silva,15000000
Carlos Forbs,8000000
Ji-soo Kim,600000
Harvey Davies,500000
Youssef Chermiti,8000000
Álex Moreno,7000000
Emerson,10000000
Massimo Luongo,400000
Timo Werner,7000000
Vladimír Coufal,5000000
Harry Toffolo,3000000
Jan Bednarek,9000000
Ederson,20000000
André Onana,25000000
Kortney Hause,1000000
Nélson Semedo,9000000
Thomas Partey,14000000
Gonçalo Guedes,11000000
Andreas Pereira,18000000
Danny Ward,1200000
Jamie Vardy,1000000
Heung-min Son,20000000
Kevin De Bruyne,20000000
Robin Olsen,1000000
Pablo Sarabia,5000000
Christian Eriksen,4000000
Wes Foderingham,600000
İlkay Gündoğan,5000000
Willian,750000
Fraser Forster,1000000
Wayne Hennessey,150000
Adam Lallana,750000
Scott Carson,100000
Joel Ward,500000
Conor Coady,2200000
Abdoulaye Doucouré,7000000
Mark Flekken,10000000
Odysseas Vlachodimos,5000000
Sam Morsy,500000
Craig Dawson,1500000
Neto,1500000
Michail Antonio,700000
Jorginho,6000000
Carlos Soler,18000000
Arijanet Murić,5000000
Sasa Kalajdzic,4000000
Pervis Estupiñán,30000000
Conor Chaplin,6000000
Jamal Lewis,2500000
Christopher Nkunku,35000000
Odsonne Édouard,8000000
Nathan Broadhead,4500000
Diogo Jota,40000000
Steven Benda,1000000
Matt O'Riley,22000000
Yukinari Sugawara,11000000
Edson Álvarez,25000000
Orel Mangala,18000000
Manuel Akanji,28000000
Sergio Reguilón,6000000
Wilfred Ndidi,15000000
Paul Onuachu,6000000
Daniel Iversen,2500000
Marcus Rashford,50000000
Marco Asensio,20000000
Konstantinos Tsimikas,18000000
Joe Lumley,500000
Takehiro Tomiyasu,18000000
João Virgínia,800000
Kieran Tierney,9000000
Trent Alexander-Arnold,75000000
Ben Chilwell,15000000
James Bree,2500000
Mike Penders,12000000
Renato Veiga,25000000
Brodie Spencer,1000000
Kion Etete,1000000
Joe Hodge,1000000
Toby Sibbick,550000
Chem Campbell,900000
Callum Jones,150000
Joe White,275000
Cameron Congreve,300000
Charlie Crew,150000
Lasse Nordås,2000000
Owen Goodman,550000
Mark O'Mahony,450000
Omari Kellyman,1500000
Shayden Morris,1000000
Marcus Harness,750000
Fraser Murray,400000
Jensen Weir,375000
Ruben Roosken,700000
Bojan Radulović,800000
Leif Davis,20000000
Ziyad Larkeche,800000
Iván Azón,3000000
Jaden Philogene,18000000
Toby Collyer,5000000
Pelle Mattsson,3000000
Tom Cannon,8000000
Nathan Wood,4000000
Luke Thomas,6000000
Flynn Downes,12000000
Harry Clarke,4000000
Jérémy Petris,2000000
Cameron Archer,10000000
Eliot Matazo,2000000
Jack Clarke,15000000
Liam Morrison,1000000
Divin Mubama,6000000
Harvey Vale,1500000
Jacob Greaves,16000000
Abdul Fatawu,20000000
Louie Marsh,150000
Kuryu Matsuki,2400000
Sverre Nypan,15000000
Ishé Samuels-Smith,700000
Bobby Wales,400000
Michael Golding,2000000
Jacob Wright,2500000
Djibril Soumaré,1500000
Jay Robinson,8000000
Nils Zätterström,3000000
Ehije Ukaki,700000
Taylor Harwood-Bellis,20000000
Samuel Edozie,5000000
Kaelan Casey,1000000
Damion Downs,7000000
Enis Destan,2500000
Ben Nelson,600000
Welington,3000000
Ronnie Edwards,3800000
Sam Curtis,175000
Caleb Wiley,8000000
Jamie Donley,1500000
Léo Scienza,9000000
Oscar Schwartau,3500000
Julián Carranza,5000000
Chuba Akpom,6000000
Ricardo Pereira,3000000
Jaïro Riedewald,1200000
Harry Winks,7000000
Charlie Taylor,2000000
Sammie Szmodics,7000000
Wout Faes,12000000
Jack Stephens,1200000
Jeffrey Schlupp,2000000
Ashley Young,400000
Asmir Begovic,200000
Moussa Sissoko,300000
Oriol Romeu,700000
Aaron Cresswell,450000
Alex McCarthy,300000
Jordan Ayew,1800000
Danny Ings,3500000
Conor Townsend,500000
Ryan Fraser,1800000
Michael Frey,700000
John Lundstram,2000000
Oli McBurnie,2500000
Vladan Kovacevic,2500000
Ross Stewart,2800000
Nicolas Madsen,3500000
Ben Johnson,7000000
Harry Souttar,6000000
Jakov Medic,2000000
Jens Cajuste,8000000
Oliver Skipp,7000000
Azor Matusiwa,11000000
Stephy Mavididi,8000000
Marc Bola,1500000
David Akintola,1200000
Andy Fisher,600000
Ben Godfrey,5500000
George Edmundson,750000
Josh Sargent,20000000
Dennis Cirkin,8000000
Yéremy Pino,35000000
Rayan Aït-Nouri,40000000
Jan Paul van Hecke,35000000
Chris Richards,25000000
Will Dennis,350000
Elliot Anderson,60000000
James Trafford,25000000
Harrison Ashby,1400000
Micky van de Ven,65000000
Pedro Porro,40000000
Zeki Amdouni,9000000
Mohammed Kudus,55000000
Oliver Sonne,4000000
Dwight McNeil,20000000
Levi Colwill,50000000
Arnaud Kalimuendo,25000000
Mikkel Damsgaard,30000000
Cristhian Mosquera,35000000
Conor Bradley,30000000
Malo Gusto,35000000
William Osula,15000000
Merlin Röhl,16000000
Loum Tchaouna,15000000
Jean-Clair Todibo,23000000
Florian Wirtz,110000000
Beto,20000000
Aaron Hickey,16000000
Jhon Arias,15000000
Myles Peart-Harris,900000
Filip Jørgensen,15000000
Jérémy Doku,65000000
Diego León,4000000
Ryan Gravenberch,90000000
Aaron Wan-Bissaka,22000000
Manuel Ugarte,30000000
Josko Gvardiol,70000000
Wesley Fofana,28000000
Kevin Schade,35000000
Brennan Johnson,35000000
Marcos Senesi,22000000
Lyle Foster,10000000
Nico González,45000000
Djordje Petrovic,28000000
Benoît Badiashile,18000000
Calvin Bassey,28000000
Pedro Neto,60000000
Hákon Valdimarsson,2500000
Ao Tanaka,10000000
Naouirou Ahamada,3500000
Amad Diallo,50000000
Amine Adli,20000000
Bruno Guimarães,75000000
Matheus Cunha,70000000
Quilindschy Hartman,18000000
Julián Araujo,10000000
Noni Madueke,50000000
Timothée Pembélé,2000000
Tino Livramento,40000000
Jacob Ramsey,35000000
Anthony Gordon,60000000
Neco Williams,25000000
Rhys Williams,500000
Riccardo Calafiori,50000000
Giorgi Mamardashvili,28000000
Evann Guessand,28000000
Nicolás Domínguez,16000000
William Saliba,90000000
Wilson Isidor,18000000
Daniel Muñoz,27000000
Abdoullah Ba,2000000
Milos Kerkez,40000000
Gabriel Martinelli,45000000
Eliezer Mayenda,18000000
Romain Esse,10000000
Callum Marshall,2000000
Chris Rigg,25000000
Marc Guiu,12000000
Adam Aznou,7000000
Thierno Barry,30000000
Harrison Jones,150000
Tyrique George,22000000
Tom Watson,10000000
Lucas Pires,5000000
Archie Gray,35000000
Jorrel Hato,35000000
Kevin,30000000
Ethan Nwaneri,40000000
Habib Diarra,32000000
Jack Hinshelwood,22000000
Lucas Bergvall,40000000
Veljko Milosavljevic,20000000
Ellery Balcombe,400000
Yunus Konak,4500000
Christantus Uche,15000000
El Hadji Malick Diouf,28000000
Romelle Donovan,3500000
Giovanni Leoni,25000000
Jonah Kusi-Asare,4000000
Fer López,16000000
Andrés García,7000000
Charalampos Kostoulas,25000000
Estêvão,80000000
Caleb Kporha,1000000
Rio Cardines,300000
Trey Nyoni,6000000
Chido Obi,5000000
Ahmed Abdullahi,1000000
Yankuba Minteh,40000000
Josh King,20000000
Julio Soler,8000000
Jaydee Canvot,20000000
Diego Gómez,25000000
Matai Akinmboni,1000000
Luís Guilherme,10000000
Jair Cunha,12000000
Nathan Fraser,600000
Jackson Tchatchoua,12000000
Brajan Gruda,28000000
Chadi Riad,12000000
Moisés Caicedo,110000000
Emmanuel Agbadou,18000000
Antoni Milambo,20000000
Tolu Arokodare,22000000
Morato,14000000
Kota Takai,5000000
Dane Scarlett,2000000
Yasin Ayari,30000000
Rodrigo Gomes,15000000
David Møller Wolfe,10000000
Jarrad Branthwaite,45000000
Diego Coppola,10000000
Piero Hincapié,50000000
Simon Adingra,22000000
Gabriel Slonina,3500000
Lesley Ugochukwu,25000000
Maxime Estève,25000000
Max Weiß,4000000
Dango Ouattara,35000000
Abdukodir Khusanov,35000000
Carlos Alcaraz,15000000
Soungoutou Magassa,17000000
Adam Wharton,60000000
Omari Hutchinson,30000000
Matthew Cox,800000
Rodrigo Muniz,25000000
Tyrick Mitchell,25000000
Antonín Kinský,13000000
Tawanda Chirewa,500000
Jean-Ricner Bellegarde,16000000
Lewis Cook,13000000
Saša Lukić,12000000
Alex Iwobi,25000000
Bernardo Silva,27000000
Reinildo Mandava,5000000
Bruno Fernandes,40000000
Sam Byram,600000
Ola Aina,20000000
Harrison Reed,3000000
Freddie Woodman,3000000
Tom King,150000
Will Hughes,6000000
Kenny Tete,11000000
Raúl Jiménez,4000000
Adama Traoré,8000000
Oleksandr Zinchenko,15000000
Jack Grealish,25000000
Angus Gunn,1500000
Jacob Murphy,15000000
Remi Matthews,300000
Alex Cairns,75000
John McGinn,15000000
Ben Davies,5000000
Kepa Arrizabalaga,7000000
Youri Tielemans,35000000
Nick Pope,7000000
José Sá,5000000
Tyrone Mings,4000000
Josh Laurent,2000000
Walter Benítez,5000000
Jacob Bruun Larsen,5000000
Borna Sosa,4000000
Marc Cucurella,50000000
Tomáš Souček,12000000
Issa Diop,10000000
Vitaly Janelt,18000000
Jefferson Lerma,8000000
David Raya,35000000
Timothy Castagne,10000000
Joachim Andersen,25000000
Dean Henderson,28000000
Dominic Solanke,35000000
Rúben Dias,60000000
Joe Gomez,15000000
Enes Ünal,8000000
Ryan Christie,9000000
Victor Lindelöf,6000000
Marcus Bettinelli,500000
Emiliano Martínez,15000000
Granit Xhaka,10000000
Joël Veltman,2500000
Alisson,17000000
Karl Darlow,200000
Kieran Trippier,2500000
Václav Hladký,200000
Kyle Walker,2500000
Stefan Ortega,5000000
Nathaniel Clyne,500000
Niclas Füllkrug,8000000
Martin Dúbravka,750000
Jason Steele,750000
Bernd Leno,8000000
Séamus Coleman,300000
Danny Welbeck,4000000
Ashley Barnes,200000
Adam Smith,500000
Jordan Henderson,2000000
Tom Heaton,150000
John Ruddy,100000
Lukasz Fabianski,250000
Casemiro,8000000
James Milner,750000
Michael Keane,4000000
Simon Moore,100000
Jamaal Lascelles,2000000
Luke Shaw,10000000
Arthur Masuaku,2500000
Harry Maguire,10000000
James Tarkowski,7000000
Matt Doherty,1500000
Mohamed Salah,30000000
Lewis Dunk,4000000
Wataru Endo,5000000
Leandro Trossard,20000000
Mark Gillespie,150000
Virgil van Dijk,18000000
Daniel Bentley,1000000
Fabian Schär,6000000
Raheem Sterling,5000000
Dan Burn,5000000
Bertrand Traoré,5000000
Ross Barkley,5000000
Jordan Pickford,15000000
Benjamin Lecomte,1200000
Idrissa Gueye,1000000
Lucas Digne,8000000
Marco Bizot,2500000
Callum Wilson,5000000
Tom Cairney,750000
Marcus Edwards,8000000
James Ward-Prowse,6000000
Gianluigi Donnarumma,45000000
Marshall Munetsi,12000000
Nikola Milenković,30000000
James Justin,12000000
Ismaïla Sarr,35000000
Phil Foden,80000000
Tom McGill,500000
Vitaliy Mykolenko,25000000
Robert Sánchez,22000000
Jadon Sancho,20000000
Mads Hermansen,15000000
Harvey Barnes,32000000
Boubacar Kamara,40000000
Ryan Sessegnon,20000000
Callum Hudson-Odoi,30000000
Emile Smith Rowe,22000000
Ian Poveda,900000
Mats Wieffer,25000000
Hjalmar Ekdal,6000000
Konstantinos Mavropanos,15000000
Jack Harrison,10000000
Jarrod Bowen,35000000
Lucas Paquetá,35000000
Ethan Pinnock,4000000
Santiago Bueno,10000000
Gabriel,75000000
John Victor,7000000
Andrew Irving,5000000
Maxim De Cuyper,22000000
Brandon Austin,500000
Aaron Ramsdale,12000000
Matty Cash,22000000
Nathan Patterson,10000000
Frank Onyeka,7000000
Jurriën Timber,70000000
Lutsharel Geertruida,20000000
Erling Haaland,200000000
Axel Tuanzebe,5000000
Kyle Walker-Peters,13000000
Axel Disasi,15000000
Rico Henry,15000000
Tyrell Malacia,5000000
Hannes Delcroix,2500000
Mikel Merino,30000000
Guido Rodríguez,6000000
Altay Bayındır,7000000
Joelinton,30000000
Sander Berge,25000000
Tyler Adams,25000000
Matthijs de Ligt,40000000
Donyell Malen,25000000
Ollie Watkins,30000000
Emiliano Buendía,18000000
Mathias Jensen,12000000
Ben White,30000000
Joe Willock,16000000
Richarlison,28000000
Ibrahim Sangaré,22000000
Jaka Bijol,18000000
Ladislav Krejci,22000000
Gabriel Jesus,20000000
Sven Botman,35000000
Declan Rice,120000000
Mark Travers,4000000
Ibrahima Konaté,50000000
Daichi Kamada,12000000
Noah Okafor,18000000
Mohamadou Kanté,300000
Calvin Ramsay,1500000
Max Dowman,20000000
Benjamin Sesko,65000000
João Pedro,75000000
Iliman Ndiaye,50000000
Bashir Humphreys,15000000
James Hill,15000000
Hannibal,16000000
Rayan Cherki,65000000
Toti,20000000
Melker Ellborg,3000000
Wilfried Gnonto,18000000
Liam Delap,32000000
Roméo Lavia,25000000
Oscar Bobb,30000000
Keane Lewis-Potter,25000000
Lamare Bogarde,15000000
Robin Roefs,25000000
Enzo Fernández,90000000
Adrien Truffert,25000000
Matheus Nunes,45000000
Dário Essugo,17000000
Lewis Hall,35000000
Jamie Gittens,35000000
Jaidon Anthony,18000000
Romaine Mundle,8000000
Enzo Le Fée,25000000
Antoine Semenyo,75000000
Cole Palmer,110000000
Anthony Elanga,40000000
Jorge Cuenca,8000000
Dan Ballard,20000000
Morgan Rogers,80000000
Senne Lammens,30000000
Kaoru Mitoma,25000000
James Garner,35000000
Trai Hume,22000000
Malick Thiaw,45000000
Taty Castellanos,28000000
Maximilian Kilman,16000000
Alexis Mac Allister,80000000
Georginio Rutter,30000000
Dilane Bakwa,28000000
Sepp van den Berg,32000000
Illan Meslier,10000000
Cheick Doucouré,13000000
Destiny Udogie,35000000
Fábio Carvalho,10000000
Bart Verbruggen,40000000
Harvey Elliott,22000000
Xavi Simons,50000000
Tim Iroegbunam,15000000
Radu Drăgușin,20000000
Pape Matar Sarr,32000000
Armando Broja,8000000
James McAtee,20000000
Freddie Potts,10000000
Yerson Mosquera,12000000
Rico Lewis,32000000
Nilson Angulo,17000000
Oliver Scarles,10000000
Lewis Miley,25000000
Leny Yoro,50000000
Patrick Dorgu,35000000
Zach Abbott,3000000
Randal Kolo Muani,22000000
Stefanos Tzimas,20000000
Junior Kroupi,40000000
Carlos Baleba,55000000
Facundo Buonanotte,16000000
Alex Murphy,1500000
Alex Tóth,12000000
Alysson,10000000
Murillo,50000000
Kaye Furo,8000000
Rayan,40000000
Enso González,3000000
Ayden Heaven,20000000
Souza,12000000
Harrison Armstrong,12000000
Rio Ngumoha,20000000
Mateus Mané,20000000
Jocelin Ta Bi,3000000
Josh Acheampong,25000000
Myles Lewis-Skelly,35000000
Mateus Fernandes,35000000
Tyler Dibling,22000000
Nicolò Savona,18000000
Hugo Ekitiké,90000000
Evanilson,35000000
Jake O'Brien,18000000
Yegor Yarmolyuk,30000000
Ben Gannon-Doak,16000000
Noah Sadiki,30000000
João Gomes,35000000
Igor Thiago,50000000
Álex Jiménez,22000000
Chemsdine Talbi,25000000
Nico O'Reilly,50000000
Wilson Odobert,20000000
Savinho,40000000
Andrey Santos,45000000
Justin Devenny,12000000
André,25000000
Mathys Tel,25000000
Alejandro Garnacho,40000000
Pablo,18000000
Kobbie Mainoo,50000000
Michael Kayode,35000000
Max Alleyne,8000000
Alex Scott,40000000
Stefan Bajcetic,5000000
Hugo Bueno,12000000
Amadou Onana,45000000
João Palhinha,18000000
Jeremie Frimpong,35000000
Lukas Nmecha,10000000
Martin Ødegaard,65000000
Olivier Boscagli,15000000
Daniel James,12000000
Viktor Gyökeres,65000000
Kristoffer Ajer,18000000
Justin Kluivert,30000000
Tammy Abraham,20000000
Sebastiaan Bornauw,8000000
Josh Dasilva,2000000
Eddie Nketiah,14000000
Kai Havertz,50000000
Reiss Nelson,12000000
Caoimhín Kelleher,25000000
Federico Chiesa,15000000
Anton Stach,25000000
Trevoh Chalobah,40000000
Mason Mount,30000000
Sean Longstaff,16000000
Nordi Mukiele,18000000
Alexander Isak,100000000
Antonee Robinson,25000000
Lucas Perri,13000000
Omar Alderete,15000000
Noussair Mazraoui,20000000
Rodrigo Bentancur,22000000
Dominic Calvert-Lewin,22000000
Taiwo Awoniyi,9000000
Mateo Kovacic,12000000
Chris Wood,6000000
Ian Maatsen,30000000
Alphonse Areola,5000000
Matz Sels,4000000
Willy Boly,500000
Christian Nørgaard,7000000
Nathan Aké,15000000
Emil Krafth,1000000
John Stones,15000000
Solly March,2000000
Joe Rodon,15000000
Adam Webster,5000000
Andrew Robertson,10000000
Josh Cullen,6000000
Adam Armstrong,8000000
Tosin Adarabioyo,18000000
Kevin Danso,20000000
David Brooks,14000000
Harry Wilson,25000000
Luke O'Nien,1000000
Guglielmo Vicario,23000000
Hee-chan Hwang,8000000
James Maddison,25000000
Connor Roberts,2500000
Cristian Romero,50000000
Sam Johnstone,3000000
Florentino,20000000
Dejan Kulusevski,35000000
Igor Jesus,22000000
Bukayo Saka,120000000
Curtis Jones,35000000
Maxence Lacroix,40000000
Cody Gakpo,65000000
Joshua Zirkzee,22000000
Omar Marmoush,60000000
Douglas Luiz,20000000
Dominik Szoboszlai,100000000
Nick Woltemade,65000000
Morgan Gibbs-White,60000000
Tijjani Reijnders,60000000
Jayden Bogle,12000000
Nathan Collins,30000000
Reece James,60000000
Brian Brobbey,25000000
Crysencio Summerville,30000000
Kiernan Dewsbury-Hall,32000000
Eberechi Eze,60000000
Lisandro Martínez,40000000
Christos Mandas,10000000
Djed Spence,30000000
Diogo Dalot,30000000
Bafodé Diakité,30000000
Ryan Yates,8000000
Jørgen Strand Larsen,45000000
Jean-Philippe Mateta,35000000
Rodri,65000000
Gabriel Gudmundsson,20000000
Dan Ndoye,35000000
Ferdi Kadıoğlu,30000000
Joël Piroe,13000000
Igor Julio,12000000
Ilia Gruev,12000000
Mike Tresor,3000000
Leon Bailey,16000000
Yoane Wissa,30000000
Martín Zubimendi,80000000
Angel Gomes,12000000
Ethan Ampadu,25000000
Marc Guéhi,65000000
Sandro Tonali,80000000
Joe Worrall,3000000
Brenden Aaronson,18000000
Bryan Mbeumo,80000000
Zian Flemming,12000000
Pascal Struijk,22000000
Ezri Konsa,40000000
Jordan Beyer,2500000
Samuel Chukwueze,15000000
Pau Torres,22000000
Marcus Tavernier,23000000
Yves Bissouma,12000000
James Carragher,250000
Ronan Kpakio,1200000
Dylan Lawlor,1800000
Ryan Trevitt,275000
Joel Colwill,900000
Josh Keeley,800000
George Saville,700000
Ali Al-Hamadi,1500000
Isaak Davies,1000000
Nik Tzanev,100000
Dion Charles,500000
Kasey Palmer,900000
Rubin Colwill,2000000
Vicente Reyes,350000
Hector Kyprianou,1500000
James Abankwah,3500000
Aaron Ramsey,6000000
Rumarn Burrell,6000000
Kasey McAteer,10000000
Marko Stamenić,3000000
Mirko Topić,4000000
Isaac Price,12000000
Jesurun Rak-Sakyi,6000000
Jordan James,12000000
George Campbell,2000000
Gavin Bazunu,8000000
Melker Widell,1800000
Mathias Kvistgaarden,6000000
Victor Kristiansen,9000000
Rhys Norrington-Davies,2500000
Aidan Morris,10000000
Zan Vipotnik,22000000
Aune Heggebø,7000000
Maksym Taloverov,2000000
José Córdoba,5000000
Sam Silvera,1500000
Koki Saito,3200000
Tyler Bindon,3500000
Nestory Irankunda,8000000
Yu Hirakawa,1000000
Lewis Koumas,4000000
Jun-ho Bae,4000000
Saba Goglichidze,3500000
Ashley Phillips,7000000
Tammer Bany,250000
Tommy Conway,14000000
Shea Charles,15000000
Dujuan Richards,500000
Mohamed Touré,8000000
Rocco Vata,1800000
Tomas Rigo,4000000
Bosun Lawal,3000000
Marcelino Núñez,14000000
Ji-sung Eom,1800000
Ruairi McConville,3000000
Leo Walta,3000000
Ben Cabango,9000000
Semi Ajayi,700000
David Strelec,8000000
Alfie Jones,6000000
Mikey Johnston,4000000
Liam Cullen,3200000
Max O'Leary,2000000
Amir Hadziahmetovic,4000000
Viktor Johansson,12000000
Ryan Manning,2800000
Cameron Burgess,1500000
Matt Targett,3000000
Lawrence Vigouroux,450000
Isaac Hayden,400000
Bobby De Cordova-Reid,700000
Paddy McNair,1500000
Kenny McLean,400000
John Egan,1000000
Adam Davies,200000
Nampalys Mendy,700000
Jannik Vestergaard,1000000
Malick Yalcouyé,12000000
Hamza Choudhury,4000000
Ki-Jana Hoever,3500000
Kalvin Phillips,2500000
Ivor Pandur,4500000
Chris Mepham,3000000
Finn Azaz,20000000
Sorba Thomas,14000000
Daniel Peretz,4000000
Joe Aribo,1800000
Jack Taylor,3000000
Róbert Boženík,2500000
Callum Styles,3000000
Adam Idah,4500000
Ethan Galbraith,2500000
Riley McGree,3500000
George Hirst,10000000
Giorgi Chakvetadze,3500000
Paul Smyth,800000
Dara O'Shea,16000000
Jimmy Dunne,5000000
Chiedozie Ogbene,4000000
Mads Roerslev,4000000
Egil Selvik,1500000
Jayson Molumby,3500000
Samuel Iling-Junior,6500000
